benchmark,step,ell_support_d0,box_support_d0,zono_support_d0,safety_bound_d0,ell_verified_d0,box_verified_d0,zono_verified_d0,ell_support_d1,box_support_d1,zono_support_d1,safety_bound_d1,ell_verified_d1,box_verified_d1,zono_verified_d1,ell_volume,box_volume,zono_volume
double_integrator,0,1.2,1.2,1.2,2.0,1,1,1,0.5,0.5,0.5,2.0,1,1,1,0.7849600031398402,1.0,1.0
double_integrator,1,1.2074336811718671,1.3008561350493064,1.2968639066998984,2.0,1,1,1,0.48073052036195857,0.5085613504930644,0.4925319320183289,2.0,1,1,1,0.7894461241929809,1.2705219372291858,1.0018708146008464
double_integrator,2,1.2295888240511208,1.4038333234470604,1.387445963843369,2.0,1,1,1,0.46000028694397377,0.5212105334844763,0.4836384592703402,2.0,1,1,1,0.7958674838030465,1.590304962176653,1.0120277792413646
double_integrator,3,1.2656243961064249,1.509790244217831,1.4717630852637393,2.0,1,1,1,0.4383373839547576,0.5383586742232295,0.4738252766424351,2.0,1,1,1,0.8058177707132564,1.9718874547169936,1.0324632328690102
double_integrator,4,1.313745052134022,1.6196723204948644,1.5498882977281148,2.0,1,1,1,0.41611071775388236,0.5604620885471036,0.4633472954918002,2.0,1,1,1,0.8206536432033563,2.4304912450613982,1.064780589223743
double_integrator,5,1.3721891976383365,1.7345211955960727,1.6219340278768413,2.0,1,1,1,0.3936776143329983,0.5880266624649791,0.4524218278613784,2.0,1,1,1,0.8431558760739885,2.9846670314957624,1.1105598937120713
double_integrator,6,1.43984719951262,1.8554953137297676,1.6880514212945146,2.0,1,1,1,0.37137444805279857,0.6217145188719712,0.44124459448418124,2.0,1,1,1,0.8749252754899074,3.65734704579985,1.171373649391548
double_integrator,7,1.5164950234408572,1.9838940381764336,1.74842965761651,2.0,1,1,1,0.3495172655557457,0.6622727255946886,0.4299983842117899,2.0,1,1,1,0.9141471930647598,4.476831994021363,1.2488032456021148
double_integrator,8,1.602826672219161,2.1211637817416555,1.803295215802751,2.0,1,0,1,0.3284070221304827,0.7104247100575292,0.41885794471178056,2.0,1,1,1,0.9663686028759099,5.4777367931284555,1.344456195060866
double_integrator,9,1.7013607938451998,2.267405387315615,1.8534068285783758,2.0,1,0,1,0.3083359523528314,0.7519913456820646,0.41105480227247476,2.0,1,1,1,1.0330276039388548,6.5950010571531275,1.4561609057492604
double_integrator,10,1.815667386266061,2.4226242905828284,1.8994990113096044,2.0,1,0,1,0.2928631357147282,0.8001976869900738,0.4033734392814686,2.0,1,1,1,1.1124099250577197,7.932205666749359,1.586687833916149
double_integrator,11,1.9492097978243508,2.5882134384364566,1.941784469027357,2.0,1,0,1,0.2781716731786439,0.8556937915462077,0.3959715420651867,2.0,1,1,1,1.208305755130591,9.535422001625241,1.7378874799636777
double_integrator,12,2.1061410635802,2.7657020332411806,1.9805083532538974,2.0,0,0,1,0.2644971451420131,0.9191921565010331,0.3890089043304228,2.0,1,1,1,1.324158994160324,11.460266741710743,1.911769798062775
double_integrator,13,2.2913425562453202,2.957422370747181,2.0159483001574494,2.0,0,0,0,0.25207918681136166,0.9980112185589722,0.3826474725397112,2.0,1,1,1,1.4638854989407593,13.845125871966793,2.1105283012862888
double_integrator,14,2.5099920989269635,3.1659461135860623,2.0479288792334565,2.0,0,0,0,0.24133798787184485,1.0872262098298393,0.3727289628471012,2.0,1,1,1,1.6306550864763223,16.72983043805011,2.324154042526791
double_integrator,15,2.768325330197557,3.3934577335029843,2.076279327705649,2.0,0,0,0,0.22831614982850207,1.1878899893393795,0.3633657899838989,2.0,1,1,1,1.8184948060205732,20.221371281381792,2.564161584603033
stable_linear,0,1.507873767279779,1.693115703813497,1.693115703813497,2.5,1,1,1,0.8007669860932316,0.9860089226269494,0.9860089226269495,2.5,1,1,1,0.6279680028083582,0.7999999999999997,0.7999999999999998
stable_linear,1,1.4678769997699468,1.7411576555480583,1.6779121023446908,2.5,1,1,1,0.9399107530581838,1.2464230490216779,1.134635686208079,2.5,1,1,1,0.8023499539498739,1.2647133313374779,1.0638158039070607
stable_linear,2,1.4235899423832716,1.7972875013595864,1.649365297602758,2.5,1,1,1,1.046451886648677,1.4844507225875623,1.235284122904255,2.5,1,1,1,0.9874325986926318,1.8670838748764078,1.3697528812893227
stable_linear,3,1.3678575753480082,1.852894415819748,1.6021640580572325,2.5,1,1,1,1.1227936901292401,1.6913154670288493,1.2892637326781275,2.5,1,1,1,1.153754796876243,2.564642850019141,1.6682160163536146
stable_linear,4,1.312023583032262,1.923168544758437,1.5512626530059324,2.5,1,1,1,1.1782909284641727,1.8820421649584236,1.3106467298318387,2.5,1,1,1,1.3201982458671047,3.407067191692322,1.978010099764924
stable_linear,5,1.2564245629692539,2.013168627111663,1.497907248214875,2.5,1,1,1,1.2173120716886323,2.0648744806372052,1.3619119560723258,2.5,1,1,1,1.478916501126391,4.430631403183855,2.275971993719851
stable_linear,6,1.203092185062388,2.1232992278110174,1.4450445845186595,2.5,1,1,1,1.2426803836140197,2.24372673791882,1.4211134291607326,2.5,1,1,1,1.6291398989966683,5.656186677871166,2.5614855875498805
stable_linear,7,1.1538057572936098,2.254635312334465,1.3951731420759819,2.5,1,1,1,1.257576499292436,2.422949749834592,1.4624601972522964,2.5,1,1,1,1.7725936945779739,7.112605736982523,2.8339821588412715
stable_linear,8,1.112661897244992,2.4081837019514496,1.35179759271134,2.5,1,1,1,1.2646121498062004,2.60666312432567,1.4898342040273709,2.5,1,0,1,1.919187996707854,8.834781762512339,3.0992052366105893
stable_linear,9,1.0783127703759205,2.5837703054355114,1.3311835010485868,2.5,1,0,1,1.2653068258046694,2.797749234825046,1.5052013285167234,2.5,1,0,1,2.0656743590733027,10.854885244469578,3.3468096652042867
stable_linear,10,1.0517361667770209,2.781596145669919,1.3236496821537571,2.5,1,0,1,1.2609388802990353,2.999006257034459,1.511345413962079,2.5,1,0,1,2.211948396975255,13.212058365172773,3.577560083733568
stable_linear,11,1.0323016040241142,3.001639509332912,1.3193929398625843,2.5,1,0,1,1.2532460934457352,3.2127992165655943,1.5110400238373232,2.5,1,0,1,2.3567695719820514,15.949146639328807,3.7985990777008043
stable_linear,12,1.019839046777474,3.243827022658285,1.3192562033417798,2.5,1,0,1,1.243523182406054,3.441139656989306,1.506317967744344,2.5,1,0,1,2.500581640412362,19.113612592788765,4.015865200300065
stable_linear,13,1.0139774159946962,3.5080590495061967,1.323229452250729,2.5,1,0,1,1.2329411656338296,3.685734518189127,1.4985337894609654,2.5,1,0,1,2.6447002365054324,22.75793336731981,4.228707573082599
stable_linear,14,1.0141916338609298,3.7942219449173153,1.3307113139522249,2.5,1,0,1,1.22253423572751,3.9480281744456978,1.4888567622809543,2.5,1,0,1,2.7888414050704013,26.939954575317426,4.435275806586017
stable_linear,15,1.0198457989330076,4.102221261597239,1.3411098040771585,2.5,1,0,1,1.213183849564368,4.229247737505083,1.4783434898711687,2.5,1,0,1,2.9323569918235157,31.72343937413305,4.637956381256146
stable_linear,16,1.0302321855452643,4.432008558493571,1.3540259068203655,2.5,1,0,1,1.2056056450665393,4.5304455789342875,1.4679706122557423,2.5,1,0,1,3.07446174445738,37.17868537847059,4.83840360888913
stable_linear,17,1.0446058779466925,4.783602564681523,1.36909971588785,2.5,1,0,1,1.200342188066335,4.85253862419565,1.4584196252410273,2.5,1,0,1,3.2148252245853435,43.38321466661768,5.035015702865712
stable_linear,18,1.0622148871063284,5.157105437290632,1.385797007098059,2.5,1,0,1,1.197762918128062,5.19634415208719,1.450112756054056,2.5,1,0,1,3.3538852847678053,50.422542601057124,5.228594955831894
stable_linear,19,1.0823256214163068,5.552714822893224,1.4037861776973137,2.5,1,0,1,1.1980715602449101,5.562611984007031,1.444625300227017,2.5,1,0,1,3.4901674306963884,58.39103175764209,5.417215546389202
stable_linear,20,1.1042436339002701,5.970732391133515,1.4302593059840236,2.5,1,0,1,1.2013204405270645,5.952053069926259,1.449181855643154,2.5,1,0,1,3.62328442612103,67.39283794874206,5.601491549596839
rotation_showcase,0,1.409776745439948,1.5187251820681817,1.5187251820681817,1.35,0,0,0,1.3732050807568876,1.3732050807568876,1.3732050807568876,1.6,1,1,1,0.4212537436843223,0.5366563145999493,0.5366563145999493
rotation_showcase,1,1.2981563485989212,1.9360502883660589,1.3903863418814353,1.35,1,0,0,1.2055991354719584,1.2860645195525835,1.285256899932531,1.6,1,1,1,0.3600929192739519,1.457267359369157,0.456805020204855
rotation_showcase,2,0.9662007627726131,1.442660288180408,1.0124216816997826,1.35,1,0,1,0.17088139912853278,0.3262811008971935,0.22985338339024985,1.6,1,1,1,0.30729849934454867,2.4396256558861364,0.3902696448808841
rotation_showcase,3,-0.09163242399927723,0.8377992427779367,-0.015703158980721943,1.35,1,1,1,-0.7719153975315428,0.08052041260731425,-0.7172717462194245,1.6,1,1,1,0.2620460491514562,4.027534546156456,0.33447642941968064
rotation_showcase,4,-0.7259227015065131,0.9529705923540106,-0.684113471658031,1.35,1,1,1,-0.11099228216489088,0.7326596051812905,-0.039034408206167215,1.6,1,1,1,0.22593698239881255,6.6281249868836,0.2876538349463911
rotation_showcase,5,0.09997693935553997,1.9634481851268983,0.14904838556475064,1.35,1,0,1,0.7384365449908659,1.893842163757706,0.7727530753415944,1.6,1,0,1,0.19439719078851633,10.914688545465351,0.24782274247000835
rotation_showcase,6,0.7886570976934817,3.355270859435926,0.837650218797223,1.35,1,0,1,0.8748789136173024,2.8274058362163332,0.9403764882573127,1.6,1,0,1,0.1656090372562371,17.94086844076652,0.21172141571883393
rotation_showcase,7,0.7780059440295235,4.508723760212321,0.7945526471969786,1.35,1,0,1,0.8116723011850572,3.2171827945063747,0.8747872761863973,1.6,1,0,1,0.1416372352272554,29.549958625172305,0.180983640098921
rotation_showcase,8,0.6993344218611572,5.293829332418623,0.745244825095782,1.35,1,0,1,0.29698607183390663,3.3937330216948833,0.31238865602653404,1.6,1,0,1,0.12148326597137211,49.062394416125734,0.1556231235438298
rotation_showcase,9,0.12675739675348272,6.134857610126993,0.15590757426279814,1.35,1,0,1,-0.36666990178316317,3.9776151304193577,-0.3091440001893966,1.6,1,0,1,0.1039983573195537,81.31384652464031,0.13280055675814337
rotation_showcase,10,-0.42461662754447516,7.660040914251995,-0.3851396502506418,1.35,1,0,1,-0.2186232958599457,5.369481287908262,-0.16621493384729463,1.6,1,0,1,0.09055692531118313,134.67742840148912,0.11565880363671564
rotation_showcase,11,-0.08451734717454626,10.200058906391664,-0.04309322641267943,1.35,1,0,1,0.34482174627964673,7.488048159712131,0.34799754613459666,1.6,1,0,1,0.07748775639463018,223.00032397559096,0.09925372286619412
rotation_showcase,12,0.40838542080615636,13.639309587594067,0.42176103513494034,1.35,1,0,1,0.5531089656973003,9.978088471898001,0.5996185123464592,1.6,1,0,1,0.06645481117164476,367.77850575905893,0.0848108206094901
stable_4d,0,0.9162277660168379,0.9162277660168379,0.9162277660168379,1.5,1,1,1,0.6662277660168379,0.9824555320336757,0.9824555320336759,2.0,1,1,1,0.04952320062642442,0.15999999999999995,nan
stable_4d,1,0.8261966146992381,0.8420360938173412,0.8365321638957381,1.5,1,1,1,0.6212007260145351,0.965087136190862,0.9372021853215566,2.0,1,1,1,0.04802609191285965,0.2111373605046094,nan
stable_4d,2,0.7543217950379315,0.7854817735839046,0.7729742007459204,1.5,1,1,1,0.5927729819278916,0.9650126084199393,0.9099288555194813,2.0,1,1,1,0.04777954878981971,0.2731757096011532,nan
stable_4d,3,0.6947704043032368,0.7433918269830839,0.7204716445958796,1.5,1,1,1,0.5719742277083857,0.979203090008502,0.8924937267874418,2.0,1,1,1,0.04790773970690727,0.35002317150829465,nan
stable_4d,4,0.6476370493147401,0.7131105887913148,0.6791303733826184,1.5,1,1,1,0.561030737262008,1.0045556456774993,0.8852784805287618,2.0,1,1,1,0.04904425784898933,0.4447149652493496,nan
stable_4d,5,0.6107266443455874,0.6925435029548771,0.6480811118640672,1.5,1,1,1,0.5577349830106885,1.0389633601731745,0.8857592459959184,2.0,1,1,1,0.05125142855708475,0.5613661643396722,nan
stable_4d,6,0.5814238667662277,0.678803390788542,0.6238321477604691,1.5,1,1,1,0.5585977226268972,1.0777553426688011,0.8904944158600983,2.0,1,1,1,0.05407259277988363,0.6956898690792422,nan
stable_4d,7,0.5587579533606412,0.6712565837704296,0.6054302614162529,1.5,1,1,1,0.5634364848810991,1.1211513338860912,0.8989997072673087,2.0,1,1,1,0.05757181450723817,0.8539443667192923,nan
stable_4d,8,0.5414753446916452,0.668680862339185,0.5917360398090385,1.5,1,1,1,0.5711897625992228,1.1677795256165804,0.910064338154273,2.0,1,1,1,0.06159563391004938,1.0377202181148135,nan
stable_4d,9,0.5283797002015286,0.6699422596300586,0.5815081935665442,1.5,1,1,1,0.5802949815923131,1.2160191743063098,0.9222191557829685,2.0,1,1,1,0.06592392758114753,1.2457075726397757,nan
stable_4d,10,0.5188892212802055,0.6747116908328157,0.5743120628562509,1.5,1,1,1,0.5925185753697806,1.2702887281950725,0.9378719116051955,2.0,1,1,1,0.07059258183169001,1.5067872991011313,nan
stable_4d,11,0.5131678306983107,0.6873531497209807,0.5711825527102977,1.5,1,1,1,0.6086154859290962,1.3371693320137417,0.9562243031542315,2.0,1,1,1,0.07624908316710304,1.8758980468308664,nan
stable_4d,12,0.509243881041349,0.7019622858780701,0.5695323914399657,1.5,1,1,1,0.6244135653210948,1.404133840562035,0.9740032232051621,2.0,1,1,1,0.08183437353277792,2.2990604876184286,nan
stable_4d,13,0.506737097692314,0.7181241193683576,0.5690177772362187,1.5,1,1,1,0.6397379212087981,1.4709404658800078,0.9910604564599961,2.0,1,1,1,0.08709486907545044,2.779736438312463,nan
stable_4d,14,0.5053435649956487,0.7355017876902733,0.5693667954868564,1.5,1,1,1,0.6544746792414149,1.5374076100376384,1.0073069215380406,2.0,1,1,1,0.09213448475279597,3.321330485403696,nan
stable_4d,15,0.5048203372979754,0.7538216760708879,0.5703644847488901,1.5,1,1,1,0.6685544616691461,1.6033999925876874,1.0227095818621648,2.0,1,1,1,0.09709207799306077,3.9271739044082983,nan
stable_4d,16,0.504973186131393,0.7728614449049415,0.5718390371727637,1.5,1,1,1,0.681940116106987,1.6688179532310792,1.0372799799749515,2.0,1,1,1,0.1017884652963208,4.6005096746630665,nan
stable_4d,17,0.505646839488305,0.7924403741495966,0.5736549301363667,1.5,1,1,1,0.6946176097836094,1.7335891962894132,1.051003439558325,2.0,1,1,1,0.10649726686764271,5.344478994254856,nan
stable_4d,18,0.5067172020264594,0.8124115642194141,0.5757055358818409,1.5,1,1,1,0.7065892824181004,1.7976624155621965,1.063907521489589,2.0,1,1,1,0.1109762445855618,6.1621094767089755,nan
